frame,person,keypoint,x,y,confidence
0,0,Nose,0.3749571442604065,0.3895148038864136,0.9434326887130737
0,0,Left Eye,0.379469633102417,0.386157751083374,0.8802716135978699
0,0,Right Eye,0.36859703063964844,0.38633427023887634,0.9087594747543335
0,0,Left Ear,0.3861408233642578,0.3884982168674469,0.6243360042572021
0,0,Right Ear,0.3577782213687897,0.38865360617637634,0.7603131532669067
0,0,Left Shoulder,0.3972265124320984,0.4092884063720703,0.9901542067527771
0,0,Right Shoulder,0.3455227017402649,0.4097556173801422,0.9948559999465942
0,0,Left Elbow,0.4105265736579895,0.43412676453590393,0.9206660389900208
0,0,Right Elbow,0.33453670144081116,0.43661126494407654,0.9585386514663696
0,0,Left Wrist,0.4153294861316681,0.458490788936615,0.8664413690567017
0,0,Right Wrist,0.3334429860115051,0.46193790435791016,0.910610020160675
0,0,Left Hip,0.39057016372680664,0.4588766098022461,0.989992082118988
0,0,Right Hip,0.35792362689971924,0.45911329984664917,0.9927710890769958
0,0,Left Knee,0.3913359045982361,0.49574893712997437,0.9633309841156006
0,0,Right Knee,0.3548794984817505,0.4955767095088959,0.9707294702529907
0,0,Left Ankle,0.3861727714538574,0.5284992456436157,0.9151397347450256
0,0,Right Ankle,0.3545137941837311,0.5284675359725952,0.9288266897201538
0,1,Nose,0.5235170125961304,0.40443477034568787,0.9422869682312012
0,1,Left Eye,0.529711902141571,0.40165024995803833,0.9137914180755615
0,1,Right Eye,0.5196555852890015,0.40121975541114807,0.8809066414833069
0,1,Left Ear,0.539215624332428,0.40405529737472534,0.7753897309303284
0,1,Right Ear,0.5134351253509521,0.40298405289649963,0.6292974352836609
0,1,Left Shoulder,0.5505297183990479,0.42340415716171265,0.9925189018249512
0,1,Right Shoulder,0.49962887167930603,0.42147955298423767,0.9933916330337524
0,1,Left Elbow,0.5639809370040894,0.44701647758483887,0.9654669165611267
0,1,Right Elbow,0.480634480714798,0.4417409300804138,0.9589640498161316
0,1,Left Wrist,0.5613343119621277,0.4700070321559906,0.9427840709686279
0,1,Right Wrist,0.4780300557613373,0.46305790543556213,0.9306772351264954
0,1,Left Hip,0.5316950678825378,0.4673633575439453,0.9923179149627686
0,1,Right Hip,0.4995076060295105,0.46606212854385376,0.9927269220352173
0,1,Left Knee,0.5245787501335144,0.5004908442497253,0.9756976962089539
0,1,Right Knee,0.49137625098228455,0.49916815757751465,0.9732845425605774
0,1,Left Ankle,0.5159773826599121,0.5292338728904724,0.9374125599861145
0,1,Right Ankle,0.4851660430431366,0.5276757478713989,0.9328510761260986
0,2,Nose,0.0,0.0,0.1926659792661667
0,2,Left Eye,0.0,0.0,0.13289518654346466
0,2,Right Eye,0.0,0.0,0.09873099625110626
0,2,Left Ear,0.6603267788887024,0.40264344215393066,0.6115260124206543
0,2,Right Ear,0.0,0.0,0.49561846256256104
0,2,Left Shoulder,0.6520354151725769,0.4172409176826477,0.9758102893829346
0,2,Right Shoulder,0.6966476440429688,0.41608771681785583,0.9783573150634766
0,2,Left Elbow,0.6367838382720947,0.43886247277259827,0.8965008854866028
0,2,Right Elbow,0.7128898501396179,0.436526358127594,0.8957031965255737
0,2,Left Wrist,0.6307124495506287,0.4590962529182434,0.747590184211731
0,2,Right Wrist,0.7175632119178772,0.4546836018562317,0.7425740957260132
0,2,Left Hip,0.6637967228889465,0.4578031897544861,0.9886443614959717
0,2,Right Hip,0.6941698789596558,0.45715779066085815,0.9899997115135193
0,2,Left Knee,0.6599805355072021,0.489959716796875,0.9611047506332397
0,2,Right Knee,0.7000597715377808,0.4894970953464508,0.9619125127792358
0,2,Left Ankle,0.6546242833137512,0.5173892974853516,0.9127469062805176
0,2,Right Ankle,0.6997634172439575,0.5165651440620422,0.9147647023200989
0,3,Nose,0.9091627597808838,0.3858080506324768,0.8672502636909485
0,3,Left Eye,0.9158719182014465,0.3827073872089386,0.8823912143707275
0,3,Right Eye,0.906892716884613,0.382581889629364,0.6291054487228394
0,3,Left Ear,0.9302103519439697,0.3847838342189789,0.8476142883300781
0,3,Right Ear,0.0,0.0,0.23666280508041382
0,3,Left Shoulder,0.9442222714424133,0.4024062752723694,0.9861121773719788
0,3,Right Shoulder,0.905116081237793,0.4059772491455078,0.9516069293022156
0,3,Left Elbow,0.9616978168487549,0.4166510999202728,0.9565408825874329
0,3,Right Elbow,0.8986400961875916,0.43124833703041077,0.6561856865882874
0,3,Left Wrist,0.9438377618789673,0.41670599579811096,0.9215102195739746
0,3,Right Wrist,0.885722279548645,0.4517843723297119,0.6256794929504395
0,3,Left Hip,0.9286101460456848,0.4519917964935303,0.9867261648178101
0,3,Right Hip,0.9027907252311707,0.4521403908729553,0.9726493954658508
0,3,Left Knee,0.9228187799453735,0.4857383668422699,0.9806157946586609
0,3,Right Knee,0.8884315490722656,0.485360324382782,0.9530656933784485
0,3,Left Ankle,0.9399691820144653,0.5177130699157715,0.9633382558822632
0,3,Right Ankle,0.8966279625892639,0.516321063041687,0.9293081164360046
20,0,Nose,0.3870481848716736,0.3982459604740143,0.9538615942001343
20,0,Left Eye,0.39266154170036316,0.39516621828079224,0.9075557589530945
20,0,Right Eye,0.38130852580070496,0.3948635458946228,0.9212564826011658
20,0,Left Ear,0.39983269572257996,0.39850878715515137,0.6936867237091064
20,0,Right Ear,0.37097007036209106,0.39741212129592896,0.7629896998405457
20,0,Left Shoulder,0.40796348452568054,0.42027848958969116,0.9926317930221558
20,0,Right Shoulder,0.35720252990722656,0.4192264676094055,0.9957402944564819
20,0,Left Elbow,0.4211466908454895,0.44568124413490295,0.9454910159111023
20,0,Right Elbow,0.3441995084285736,0.4447053074836731,0.9670860767364502
20,0,Left Wrist,0.4274861514568329,0.46962815523147583,0.9067560434341431
20,0,Right Wrist,0.34455955028533936,0.4689789414405823,0.9310014843940735
20,0,Left Hip,0.39963623881340027,0.4700471758842468,0.9909022450447083
20,0,Right Hip,0.36700141429901123,0.46979349851608276,0.9932357668876648
20,0,Left Knee,0.4006248414516449,0.5065995454788208,0.9631500244140625
20,0,Right Knee,0.36556726694107056,0.5062488317489624,0.9691266417503357
20,0,Left Ankle,0.3968485891819,0.5388662219047546,0.9047580361366272
20,0,Right Ankle,0.3614599406719208,0.5385589003562927,0.9159801006317139
20,1,Nose,0.5394450426101685,0.41439470648765564,0.8990968465805054
20,1,Left Eye,0.5438004732131958,0.41157183051109314,0.8062586784362793
20,1,Right Eye,0.5350850224494934,0.4114282727241516,0.835076630115509
20,1,Left Ear,0.5507638454437256,0.4143541753292084,0.5605491399765015
20,1,Right Ear,0.5272452235221863,0.4138774871826172,0.638400673866272
20,1,Left Shoulder,0.5611496567726135,0.4337133765220642,0.9845884442329407
20,1,Right Shoulder,0.5120297074317932,0.43284568190574646,0.9912380576133728
20,1,Left Elbow,0.5710502862930298,0.4576091766357422,0.9374887347221375
20,1,Right Elbow,0.49238941073417664,0.4551679491996765,0.9677167534828186
20,1,Left Wrist,0.5739096403121948,0.4801621437072754,0.9104918241500854
20,1,Right Wrist,0.4892338514328003,0.4785042405128479,0.9433093070983887
20,1,Left Hip,0.545199453830719,0.4768051207065582,0.989143431186676
20,1,Right Hip,0.514464795589447,0.4762626588344574,0.9921261072158813
20,1,Left Knee,0.5385509133338928,0.5096176862716675,0.9668893218040466
20,1,Right Knee,0.5066513419151306,0.5091623663902283,0.9730658531188965
20,1,Left Ankle,0.5267111659049988,0.537135899066925,0.92257159948349
20,1,Right Ankle,0.4954765737056732,0.5369257926940918,0.9328789710998535
20,2,Nose,0.0,0.0,0.35477617383003235
20,2,Left Eye,0.0,0.0,0.11608786880970001
20,2,Right Eye,0.0,0.0,0.38802942633628845
20,2,Left Ear,0.0,0.0,0.2808246314525604
20,2,Right Ear,0.71571946144104,0.40815967321395874,0.8514367938041687
20,2,Left Shoulder,0.6872679591178894,0.42531952261924744,0.9664189219474792
20,2,Right Shoulder,0.7202095985412598,0.42534512281417847,0.9918700456619263
20,2,Left Elbow,0.674809992313385,0.44927316904067993,0.7309369444847107
20,2,Right Elbow,0.7358591556549072,0.4472000002861023,0.9644003510475159
20,2,Left Wrist,0.6776982545852661,0.46473559737205505,0.5728974938392639
20,2,Right Wrist,0.7534676194190979,0.46065235137939453,0.8755389451980591
20,2,Left Hip,0.6915894150733948,0.4689405560493469,0.9858887791633606
20,2,Right Hip,0.7134163975715637,0.46897798776626587,0.9934383034706116
20,2,Left Knee,0.689322829246521,0.5023273825645447,0.9597822427749634
20,2,Right Knee,0.7130895853042603,0.5019248127937317,0.9801399111747742
20,2,Left Ankle,0.6825631260871887,0.5322549343109131,0.9220662117004395
20,2,Right Ankle,0.7039254307746887,0.5329855680465698,0.9526156783103943
20,3,Nose,0.9060568809509277,0.39592474699020386,0.8860113024711609
20,3,Left Eye,0.9126492142677307,0.39271971583366394,0.8852632641792297
20,3,Right Eye,0.9030706882476807,0.3927880823612213,0.690814197063446
20,3,Left Ear,0.925861120223999,0.3951076865196228,0.8307440876960754
20,3,Right Ear,0.0,0.0,0.31582579016685486
20,3,Left Shoulder,0.9397761821746826,0.4145797789096832,0.990805447101593
20,3,Right Shoulder,0.896716833114624,0.41628068685531616,0.9773948788642883
20,3,Left Elbow,0.9529714584350586,0.4369291365146637,0.970874011516571
20,3,Right Elbow,0.8922913670539856,0.4405268728733063,0.8347845673561096
20,3,Left Wrist,0.9563860297203064,0.45916372537612915,0.9452244639396667
20,3,Right Wrist,0.8864831924438477,0.46233120560646057,0.7927108407020569
20,3,Left Hip,0.9297431111335754,0.4625706076622009,0.9921947717666626
20,3,Right Hip,0.9017325639724731,0.46283167600631714,0.9870914220809937
20,3,Left Knee,0.9317010045051575,0.4966495633125305,0.9844834208488464
20,3,Right Knee,0.8973928093910217,0.49663209915161133,0.970207154750824
20,3,Left Ankle,0.9440247416496277,0.5293325185775757,0.9648458361625671
20,3,Right Ankle,0.9024017453193665,0.5284681916236877,0.9431090354919434
40,0,Nose,0.3948712944984436,0.4080422818660736,0.9545208811759949
40,0,Left Eye,0.40027183294296265,0.4047408998012543,0.9136189222335815
40,0,Right Eye,0.38894107937812805,0.4045411944389343,0.9169797897338867
40,0,Left Ear,0.4079406261444092,0.40682467818260193,0.7133598327636719
40,0,Right Ear,0.37857428193092346,0.4059762954711914,0.7390398383140564
40,0,Left Shoulder,0.4177088141441345,0.4275887906551361,0.9939234852790833
40,0,Right Shoulder,0.3656494617462158,0.4263388514518738,0.9961612224578857
40,0,Left Elbow,0.4319908022880554,0.45396727323532104,0.9577975273132324
40,0,Right Elbow,0.3540234863758087,0.45220550894737244,0.9688645005226135
40,0,Left Wrist,0.43812909722328186,0.4797378480434418,0.9248389005661011
40,0,Right Wrist,0.35249435901641846,0.47682198882102966,0.9352970123291016
40,0,Left Hip,0.406363844871521,0.4779414236545563,0.9938250780105591
40,0,Right Hip,0.3735412061214447,0.4773758053779602,0.9951499104499817
40,0,Left Knee,0.40552854537963867,0.5150843262672424,0.976287841796875
40,0,Right Knee,0.3713553249835968,0.5143941640853882,0.9787513017654419
40,0,Left Ankle,0.3994547426700592,0.5492053031921387,0.9384097456932068
40,0,Right Ankle,0.36880505084991455,0.5485894680023193,0.9433257579803467
40,1,Nose,0.5446255207061768,0.4216387867927551,0.9464348554611206
40,1,Left Eye,0.5507887601852417,0.4188147485256195,0.894790768623352
40,1,Right Eye,0.5400668382644653,0.41835707426071167,0.9035100936889648
40,1,Left Ear,0.5593789219856262,0.4207639694213867,0.693418025970459
40,1,Right Ear,0.5324743986129761,0.4193471372127533,0.7225607633590698
40,1,Left Shoulder,0.5683397650718689,0.4395243525505066,0.9918330907821655
40,1,Right Shoulder,0.5157899856567383,0.43663740158081055,0.9956517815589905
40,1,Left Elbow,0.57785964012146,0.46328669786453247,0.9541709423065186
40,1,Right Elbow,0.4921332895755768,0.45532506704330444,0.9769154787063599
40,1,Left Wrist,0.5803234577178955,0.48418664932250977,0.9292228817939758
40,1,Right Wrist,0.49685320258140564,0.4733535647392273,0.9553353786468506
40,1,Left Hip,0.5505264401435852,0.4839358925819397,0.991690993309021
40,1,Right Hip,0.5173466801643372,0.48257961869239807,0.9941971302032471
40,1,Left Knee,0.5441967844963074,0.5181277990341187,0.9686200618743896
40,1,Right Knee,0.5110280513763428,0.5166844129562378,0.9749757051467896
40,1,Left Ankle,0.5310431718826294,0.5462091565132141,0.9109731912612915
40,1,Right Ankle,0.5017644762992859,0.5444701313972473,0.9236078262329102
40,2,Nose,0.8923564553260803,0.4025301933288574,0.8610211610794067
40,2,Left Eye,0.8982478380203247,0.39932501316070557,0.8825175166130066
40,2,Right Eye,0.8908277153968811,0.3995266854763031,0.6096900105476379
40,2,Left Ear,0.91410893201828,0.40110301971435547,0.8471642732620239
40,2,Right Ear,0.0,0.0,0.23722386360168457
40,2,Left Shoulder,0.9327501058578491,0.419395387172699,0.9873927235603333
40,2,Right Shoulder,0.8947985172271729,0.4210429787635803,0.9626312851905823
40,2,Left Elbow,0.9487497806549072,0.442138135433197,0.9579722881317139
40,2,Right Elbow,0.8900673985481262,0.4461643099784851,0.7150999307632446
40,2,Left Wrist,0.9540639519691467,0.46367931365966797,0.9135043621063232
40,2,Right Wrist,0.8810868859291077,0.467695415019989,0.6556217074394226
40,2,Left Hip,0.9278506636619568,0.4649730622768402,0.986150324344635
40,2,Right Hip,0.9056293964385986,0.46508437395095825,0.9753447771072388
40,2,Left Knee,0.926804780960083,0.4999760687351227,0.9677011966705322
40,2,Right Knee,0.9090204834938049,0.4999772012233734,0.9336272478103638
40,2,Left Ankle,0.931634247303009,0.5335327386856079,0.9359467625617981
40,2,Right Ankle,0.9204213619232178,0.5324031710624695,0.8924177289009094
40,3,Nose,0.7463343143463135,0.4176887571811676,0.8257585167884827
40,3,Left Eye,0.0,0.0,0.460428923368454
40,3,Right Eye,0.7417650818824768,0.41441115736961365,0.8634565472602844
40,3,Left Ear,0.0,0.0,0.1742115616798401
40,3,Right Ear,0.7298294305801392,0.4157640039920807,0.8958028554916382
40,3,Left Shoulder,0.7250944375991821,0.43390312790870667,0.9218267798423767
40,3,Right Shoulder,0.7216275334358215,0.43410468101501465,0.9872120022773743
40,3,Left Elbow,0.0,0.0,0.453463077545166
40,3,Right Elbow,0.7165576219558716,0.4574970602989197,0.9507263898849487
40,3,Left Wrist,0.0,0.0,0.43140658736228943
40,3,Right Wrist,0.728117048740387,0.47925010323524475,0.8885024785995483
40,3,Left Hip,0.7254297733306885,0.4776497483253479,0.945530354976654
40,3,Right Hip,0.7236096858978271,0.47841113805770874,0.9802289009094238
40,3,Left Knee,0.7326069474220276,0.5106292366981506,0.9057362079620361
40,3,Right Knee,0.7325576543807983,0.5109114050865173,0.9661394357681274
40,3,Left Ankle,0.7266377806663513,0.5393608808517456,0.8814221024513245
40,3,Right Ankle,0.7238165736198425,0.5406546592712402,0.9437914490699768
60,0,Nose,0.3849468231201172,0.4080563485622406,0.9631189107894897
60,0,Left Eye,0.3922536075115204,0.40484514832496643,0.9246619343757629
60,0,Right Eye,0.3790525794029236,0.40402951836586,0.9371514916419983
60,0,Left Ear,0.40134426951408386,0.4078196585178375,0.7079592943191528
60,0,Right Ear,0.3685256838798523,0.4053478240966797,0.7832557559013367
60,0,Left Shoulder,0.40702471137046814,0.42947641015052795,0.9936192631721497
60,0,Right Shoulder,0.3530394732952118,0.42651528120040894,0.99683678150177
60,0,Left Elbow,0.4179626405239105,0.4567086100578308,0.9492567777633667
60,0,Right Elbow,0.3381025493144989,0.45292872190475464,0.9748615026473999
60,0,Left Wrist,0.42407700419425964,0.48164281249046326,0.9131675362586975
60,0,Right Wrist,0.3391807973384857,0.4800671935081482,0.9444417357444763
60,0,Left Hip,0.39491111040115356,0.4809092581272125,0.992580235004425
60,0,Right Hip,0.36007118225097656,0.4797874391078949,0.9949496984481812
60,0,Left Knee,0.3959081768989563,0.5195487141609192,0.9675871133804321
60,0,Right Knee,0.3590424358844757,0.5182421803474426,0.9747558236122131
60,0,Left Ankle,0.3897526264190674,0.5539458990097046,0.9165217280387878
60,0,Right Ankle,0.354093462228775,0.5523055791854858,0.9300923347473145
60,1,Nose,0.5377964973449707,0.42144957184791565,0.948577344417572
60,1,Left Eye,0.5431156754493713,0.4185328483581543,0.8820014595985413
60,1,Right Eye,0.5328387022018433,0.4183875620365143,0.9159594178199768
60,1,Left Ear,0.5508771538734436,0.42065149545669556,0.6350212693214417
60,1,Right Ear,0.5246791243553162,0.4198787212371826,0.7747666835784912
60,1,Left Shoulder,0.5603539347648621,0.43992310762405396,0.9917663931846619
60,1,Right Shoulder,0.5079246163368225,0.43750905990600586,0.9966163039207458
60,1,Left Elbow,0.5725962519645691,0.46425309777259827,0.9480066895484924
60,1,Right Elbow,0.4855484068393707,0.45616626739501953,0.9832679629325867
60,1,Left Wrist,0.5798785090446472,0.4865770936012268,0.9233601689338684
60,1,Right Wrist,0.49757272005081177,0.4723707139492035,0.9655643701553345
60,1,Left Hip,0.5443803071975708,0.4834691882133484,0.9928281903266907
60,1,Right Hip,0.5114805698394775,0.4824513792991638,0.9957191348075867
60,1,Left Knee,0.535758912563324,0.5179976224899292,0.973962664604187
60,1,Right Knee,0.5033726692199707,0.5169605612754822,0.9824490547180176
60,1,Left Ankle,0.5217047929763794,0.547102689743042,0.9275590181350708
60,1,Right Ankle,0.4948365390300751,0.5461877584457397,0.9450023174285889
60,2,Nose,0.7358388900756836,0.41664695739746094,0.9081986546516418
60,2,Left Eye,0.7410211563110352,0.4137459397315979,0.7490939497947693
60,2,Right Eye,0.7303312420845032,0.41353917121887207,0.902577817440033
60,2,Left Ear,0.0,0.0,0.3891364336013794
60,2,Right Ear,0.7206356525421143,0.415607213973999,0.8364518284797668
60,2,Left Shoulder,0.7496325373649597,0.43467846512794495,0.9688339233398438
60,2,Right Shoulder,0.7094814777374268,0.4338604807853699,0.9928839206695557
60,2,Left Elbow,0.7518723607063293,0.45681992173194885,0.7414106726646423
60,2,Right Elbow,0.6933484673500061,0.4552827477455139,0.9678473472595215
60,2,Left Wrist,0.7496612668037415,0.4721146523952484,0.6947696208953857
60,2,Right Wrist,0.6903040409088135,0.4744552969932556,0.9298299551010132
60,2,Left Hip,0.7398858666419983,0.47526589035987854,0.9761404991149902
60,2,Right Hip,0.7146515846252441,0.4752451479434967,0.9895094633102417
60,2,Left Knee,0.739491879940033,0.5087376832962036,0.948162317276001
60,2,Right Knee,0.7213056087493896,0.5086005926132202,0.9758666157722473
60,2,Left Ankle,0.7286013960838318,0.5392909049987793,0.9091885089874268
60,2,Right Ankle,0.7114061117172241,0.5391543507575989,0.9471309185028076
60,3,Nose,0.8713718056678772,0.4034207761287689,0.8133715391159058
60,3,Left Eye,0.8760359287261963,0.3997623324394226,0.8312726020812988
60,3,Right Eye,0.8701083064079285,0.4001290798187256,0.5136138796806335
60,3,Left Ear,0.8916934728622437,0.40063804388046265,0.8184723854064941
60,3,Right Ear,0.0,0.0,0.23654653131961823
60,3,Left Shoulder,0.904327929019928,0.4197017550468445,0.9762609601020813
60,3,Right Shoulder,0.8881629705429077,0.41975387930870056,0.9369677901268005
60,3,Left Elbow,0.9094057083129883,0.4458554685115814,0.9021048545837402
60,3,Right Elbow,0.8868560194969177,0.4460483491420746,0.5353946685791016
60,3,Left Wrist,0.8967846632003784,0.46794676780700684,0.8168935775756836
60,3,Right Wrist,0.0,0.0,0.4721531867980957
60,3,Left Hip,0.9057861566543579,0.46670565009117126,0.9682916402816772
60,3,Right Hip,0.8960098028182983,0.4660740792751312,0.9456179738044739
60,3,Left Knee,0.8959786891937256,0.5010295510292053,0.9463809132575989
60,3,Right Knee,0.8893406987190247,0.5004857778549194,0.8939711451530457
60,3,Left Ankle,0.9023911952972412,0.5359430313110352,0.9200590252876282
60,3,Right Ankle,0.897701621055603,0.5340231657028198,0.8691822290420532
80,0,Nose,0.3608517050743103,0.43292689323425293,0.9557244777679443
80,0,Left Eye,0.36634084582328796,0.4297008514404297,0.8973953127861023
80,0,Right Eye,0.3549686074256897,0.4295206665992737,0.9255127906799316
80,0,Left Ear,0.3740604519844055,0.4314596652984619,0.6597092747688293
80,0,Right Ear,0.34502312541007996,0.4306457042694092,0.7866665720939636
80,0,Left Shoulder,0.381481796503067,0.450833261013031,0.9922125935554504
80,0,Right Shoulder,0.3298432230949402,0.4498472213745117,0.9961878657341003
80,0,Left Elbow,0.39100468158721924,0.4755348265171051,0.9412751197814941
80,0,Right Elbow,0.31222477555274963,0.47411680221557617,0.9748386144638062
80,0,Left Wrist,0.39373084902763367,0.5002794861793518,0.9080461263656616
80,0,Right Wrist,0.318231999874115,0.5009028911590576,0.9481431245803833
80,0,Left Hip,0.3686547875404358,0.4964669346809387,0.991299569606781
80,0,Right Hip,0.3353634774684906,0.49620237946510315,0.9942010045051575
80,0,Left Knee,0.3682019114494324,0.530434250831604,0.9689030051231384
80,0,Right Knee,0.3318271338939667,0.530113160610199,0.9767988920211792
80,0,Left Ankle,0.3563617765903473,0.559648871421814,0.918312132358551
80,0,Right Ankle,0.32206156849861145,0.5594696998596191,0.9332317113876343
80,1,Nose,0.4993704855442047,0.4337295889854431,0.9445477724075317
80,1,Left Eye,0.5049027800559998,0.43082132935523987,0.8847938776016235
80,1,Right Eye,0.49453845620155334,0.430558979511261,0.904141366481781
80,1,Left Ear,0.5128994584083557,0.4328536093235016,0.6643856167793274
80,1,Right Ear,0.48621606826782227,0.43187204003334045,0.7404314875602722
80,1,Left Shoulder,0.5215548276901245,0.45179978013038635,0.9910216927528381
80,1,Right Shoulder,0.46967095136642456,0.44958505034446716,0.9952760934829712
80,1,Left Elbow,0.5306131839752197,0.47678297758102417,0.947998046875
80,1,Right Elbow,0.449185311794281,0.4695451259613037,0.975121796131134
80,1,Left Wrist,0.5296618342399597,0.4988608956336975,0.9216932654380798
80,1,Right Wrist,0.466342955827713,0.48626065254211426,0.9526763558387756
80,1,Left Hip,0.5072548985481262,0.49609869718551636,0.9912707805633545
80,1,Right Hip,0.47408050298690796,0.4952966272830963,0.9939447045326233
80,1,Left Knee,0.5000659227371216,0.5315354466438293,0.9699557423591614
80,1,Right Knee,0.46772000193595886,0.5307594537734985,0.9765071868896484
80,1,Left Ankle,0.4845903515815735,0.5612283945083618,0.9184926152229309
80,1,Right Ankle,0.4579734802246094,0.5604696273803711,0.9312875270843506
80,2,Nose,0.7030926942825317,0.43060818314552307,0.9117032289505005
80,2,Left Eye,0.7080678939819336,0.4278640151023865,0.7977101802825928
80,2,Right Eye,0.698693573474884,0.42739781737327576,0.8868311643600464
80,2,Left Ear,0.0,0.0,0.4709411561489105
80,2,Right Ear,0.6886361241340637,0.428345263004303,0.7543221712112427
80,2,Left Shoulder,0.7159152626991272,0.44668251276016235,0.975665271282196
80,2,Right Shoulder,0.6733445525169373,0.4449910521507263,0.9905091524124146
80,2,Left Elbow,0.7178364396095276,0.468064546585083,0.8519181609153748
80,2,Right Elbow,0.654884934425354,0.4656379222869873,0.9577963948249817
80,2,Left Wrist,0.7129727005958557,0.4836091995239258,0.8148488402366638
80,2,Right Wrist,0.6604891419410706,0.4851780831813812,0.9232074022293091
80,2,Left Hip,0.7015702724456787,0.48764848709106445,0.9852927327156067
80,2,Right Hip,0.6737565994262695,0.48709601163864136,0.991098940372467
80,2,Left Knee,0.7019992470741272,0.5190041661262512,0.972912609577179
80,2,Right Knee,0.6693888306617737,0.5183933973312378,0.9820417165756226
80,2,Left Ankle,0.6988378763198853,0.548965334892273,0.9574082493782043
80,2,Right Ankle,0.6627725958824158,0.5484156608581543,0.9681960940361023
80,3,Nose,0.8213557600975037,0.4142915606498718,0.8338279128074646
80,3,Left Eye,0.8269882202148438,0.41050291061401367,0.8691826462745667
80,3,Right Eye,0.8199995160102844,0.41073179244995117,0.5158767104148865
80,3,Left Ear,0.8437552452087402,0.411895751953125,0.8605767488479614
80,3,Right Ear,0.0,0.0,0.18877939879894257
80,3,Left Shoulder,0.8539358973503113,0.4321030080318451,0.9807242155075073
80,3,Right Shoulder,0.8349751830101013,0.4321567416191101,0.9309230446815491
80,3,Left Elbow,0.8563811182975769,0.4582938253879547,0.9252551198005676
80,3,Right Elbow,0.0,0.0,0.46319183707237244
80,3,Left Wrist,0.8421459794044495,0.4813643991947174,0.8581330180168152
80,3,Right Wrist,0.0,0.0,0.4342595934867859
80,3,Left Hip,0.8507347702980042,0.47771185636520386,0.9767341613769531
80,3,Right Hip,0.8396676778793335,0.47714805603027344,0.9527032375335693
80,3,Left Knee,0.8471548557281494,0.5127164721488953,0.9724867939949036
80,3,Right Knee,0.8394114375114441,0.512260913848877,0.9328098893165588
80,3,Left Ankle,0.8596978187561035,0.5495030283927917,0.9636072516441345
80,3,Right Ankle,0.8542006611824036,0.547696590423584,0.9288786053657532
100,0,Nose,0.3978467285633087,0.45715922117233276,0.9369843006134033
100,0,Left Eye,0.4029613137245178,0.4542437195777893,0.7569248676300049
100,0,Right Eye,0.3921378254890442,0.45316165685653687,0.9449487924575806
100,0,Left Ear,0.0,0.0,0.29208558797836304
100,0,Right Ear,0.3771195709705353,0.4514191746711731,0.9076668620109558
100,0,Left Shoulder,0.4051189422607422,0.4711209833621979,0.979282021522522
100,0,Right Shoulder,0.3508918285369873,0.466564416885376,0.9974384307861328
100,0,Left Elbow,0.4112061858177185,0.4933050274848938,0.8182012438774109
100,0,Right Elbow,0.3176608383655548,0.48646944761276245,0.9918212890625
100,0,Left Wrist,0.40743517875671387,0.5109627842903137,0.7952027916908264
100,0,Right Wrist,0.30208271741867065,0.5134093165397644,0.9785501956939697
100,0,Left Hip,0.3769100606441498,0.5165203809738159,0.9891785383224487
100,0,Right Hip,0.34387826919555664,0.5146375894546509,0.9965425133705139
100,0,Left Knee,0.3695679008960724,0.5498327612876892,0.9654551148414612
100,0,Right Knee,0.3472036123275757,0.5481991171836853,0.9880310893058777
100,0,Left Ankle,0.34966740012168884,0.5776188969612122,0.9218314290046692
100,0,Right Ankle,0.33415305614471436,0.5765476226806641,0.9631288647651672
100,1,Nose,0.46564775705337524,0.4461207389831543,0.9271771311759949
100,1,Left Eye,0.47025206685066223,0.44310539960861206,0.8489141464233398
100,1,Right Eye,0.46044549345970154,0.44286060333251953,0.8918801546096802
100,1,Left Ear,0.4757682681083679,0.4444519579410553,0.5819910168647766
100,1,Right Ear,0.45039448142051697,0.4436708986759186,0.7456714510917664
100,1,Left Shoulder,0.4850897789001465,0.4622988700866699,0.9873114824295044
100,1,Right Shoulder,0.433879554271698,0.4619709551334381,0.9942715167999268
100,1,Left Elbow,0.49366459250450134,0.48512476682662964,0.9280297756195068
100,1,Right Elbow,0.41911596059799194,0.48583894968032837,0.970943808555603
100,1,Left Wrist,0.4959576427936554,0.5090311765670776,0.8948524594306946
100,1,Right Wrist,0.4146007001399994,0.5110601186752319,0.9418442249298096
100,1,Left Hip,0.4728211760520935,0.5077327489852905,0.9888217449188232
100,1,Right Hip,0.4409479796886444,0.5074718594551086,0.9925958514213562
100,1,Left Knee,0.4680977761745453,0.5412025451660156,0.9611795544624329
100,1,Right Knee,0.4361523985862732,0.5408115386962891,0.9711861610412598
100,1,Left Ankle,0.45059165358543396,0.5683088302612305,0.9019646644592285
100,1,Right Ankle,0.42186906933784485,0.5682517290115356,0.9217695593833923
100,2,Nose,0.7672978043556213,0.4256545901298523,0.8173158764839172
100,2,Left Eye,0.7725362181663513,0.4225188195705414,0.8612257838249207
100,2,Right Eye,0.0,0.0,0.45012712478637695
100,2,Left Ear,0.7888180017471313,0.42392784357070923,0.8717532753944397
100,2,Right Ear,0.0,0.0,0.14667366445064545
100,2,Left Shoulder,0.8033461570739746,0.44216054677963257,0.9827786087989807
100,2,Right Shoulder,0.7829996943473816,0.4408750534057617,0.9177157282829285
100,2,Left Elbow,0.8065328001976013,0.4667800962924957,0.9604060649871826
100,2,Right Elbow,0.7767631411552429,0.46323323249816895,0.5304328203201294
100,2,Left Wrist,0.7761354446411133,0.47271984815597534,0.9237564206123352
100,2,Right Wrist,0.7625666260719299,0.46949106454849243,0.5372962355613708
100,2,Left Hip,0.7948793172836304,0.48842936754226685,0.9816530346870422
100,2,Right Hip,0.7826783657073975,0.4868905544281006,0.9551871418952942
100,2,Left Knee,0.7871364951133728,0.5245824456214905,0.9765241146087646
100,2,Right Knee,0.7770242691040039,0.523199200630188,0.9320671558380127
100,2,Left Ankle,0.8013910055160522,0.5594792366027832,0.9577215313911438
100,2,Right Ankle,0.7916474342346191,0.556389331817627,0.9074091911315918
100,3,Nose,0.65143221616745,0.44083690643310547,0.9160985350608826
100,3,Left Eye,0.6568228602409363,0.4380088746547699,0.8103423118591309
100,3,Right Eye,0.6467583775520325,0.4376928210258484,0.8910595774650574
100,3,Left Ear,0.6635949015617371,0.44042760133743286,0.5035465955734253
100,3,Right Ear,0.6375401616096497,0.4395541250705719,0.7640044093132019
100,3,Left Shoulder,0.6681212782859802,0.4581684470176697,0.9787063002586365
100,3,Right Shoulder,0.6250696778297424,0.45752912759780884,0.9921762347221375
100,3,Left Elbow,0.6723084449768066,0.47913259267807007,0.8593485951423645
100,3,Right Elbow,0.6118159890174866,0.47887903451919556,0.9633271098136902
100,3,Left Wrist,0.6661990880966187,0.49285632371902466,0.8207273483276367
100,3,Right Wrist,0.6152008175849915,0.49773073196411133,0.9300760626792908
100,3,Left Hip,0.6577184200286865,0.4996057450771332,0.9863290190696716
100,3,Right Hip,0.6294470429420471,0.49941763281822205,0.9920958876609802
100,3,Left Knee,0.6595481634140015,0.5306472182273865,0.9729759097099304
100,3,Right Knee,0.6254613995552063,0.5301066637039185,0.9829309582710266
100,3,Left Ankle,0.6607115268707275,0.5606849789619446,0.955547571182251
100,3,Right Ankle,0.6231165528297424,0.5600069761276245,0.9679534435272217
120,0,Nose,0.3785127103328705,0.4536587595939636,0.9369179606437683
120,0,Left Eye,0.3831009268760681,0.4501993656158447,0.7620503902435303
120,0,Right Eye,0.37245526909828186,0.44959062337875366,0.9451096653938293
120,0,Left Ear,0.0,0.0,0.2742224931716919
120,0,Right Ear,0.3560696542263031,0.45024624466896057,0.893521249294281
120,0,Left Shoulder,0.3830544352531433,0.47218507528305054,0.9800934195518494
120,0,Right Shoulder,0.3286465108394623,0.46983689069747925,0.9971767663955688
120,0,Left Elbow,0.3789987862110138,0.5005270838737488,0.8703786134719849
120,0,Right Elbow,0.2998470664024353,0.4989508092403412,0.9925522804260254
120,0,Left Wrist,0.3829241096973419,0.523683488368988,0.8538950085639954
120,0,Right Wrist,0.3092035949230194,0.5296645164489746,0.9813469648361206
120,0,Left Hip,0.3614519238471985,0.5239492058753967,0.9933799505233765
120,0,Right Hip,0.32133403420448303,0.523266077041626,0.9976785778999329
120,0,Left Knee,0.37823107838630676,0.5621196031570435,0.9837018251419067
120,0,Right Knee,0.30163896083831787,0.5617254376411438,0.9937673807144165
120,0,Left Ankle,0.3702409863471985,0.6012905240058899,0.9681721925735474
120,0,Right Ankle,0.2646200954914093,0.6021251082420349,0.9843249320983887
120,1,Nose,0.6237517595291138,0.4307364523410797,0.8615789413452148
120,1,Left Eye,0.6288372278213501,0.4277137815952301,0.868346095085144
120,1,Right Eye,0.6225466132164001,0.4277374744415283,0.5838571786880493
120,1,Left Ear,0.6436482071876526,0.4299013614654541,0.8635911345481873
120,1,Right Ear,0.0,0.0,0.27852246165275574
120,1,Left Shoulder,0.6525603532791138,0.44848260283470154,0.9903998970985413
120,1,Right Shoulder,0.63331538438797,0.44813647866249084,0.9711570739746094
120,1,Left Elbow,0.6528417468070984,0.4732222557067871,0.9621626138687134
120,1,Right Elbow,0.6287047266960144,0.47177228331565857,0.7128674387931824
120,1,Left Wrist,0.6356691122055054,0.49277472496032715,0.9188354015350342
120,1,Right Wrist,0.6188068985939026,0.49102097749710083,0.6446306705474854
120,1,Left Hip,0.646199107170105,0.4922648072242737,0.9878718852996826
120,1,Right Hip,0.6321440935134888,0.4914426803588867,0.9769525527954102
120,1,Left Knee,0.6504374742507935,0.5260111093521118,0.974314272403717
120,1,Right Knee,0.6221440434455872,0.5253123044967651,0.9428528547286987
120,1,Left Ankle,0.6622723937034607,0.5578781962394714,0.9477227926254272
120,1,Right Ankle,0.620665967464447,0.5561004281044006,0.9071239829063416
120,2,Nose,0.524885356426239,0.4467694163322449,0.9157621264457703
120,2,Left Eye,0.5295850038528442,0.4439252018928528,0.805961012840271
120,2,Right Eye,0.5200331211090088,0.4437277913093567,0.8959735631942749
120,2,Left Ear,0.0,0.0,0.4632563889026642
120,2,Right Ear,0.5100045800209045,0.4455246031284332,0.7658259868621826
120,2,Left Shoulder,0.5390529632568359,0.46332430839538574,0.9712561368942261
120,2,Right Shoulder,0.49794259667396545,0.4631045460700989,0.9894577264785767
120,2,Left Elbow,0.5426278710365295,0.4839840829372406,0.8326148390769958
120,2,Right Elbow,0.4843390882015228,0.4847908914089203,0.9570065140724182
120,2,Left Wrist,0.540187418460846,0.49766454100608826,0.7963938117027283
120,2,Right Wrist,0.48866817355155945,0.5033673644065857,0.9216622114181519
120,2,Left Hip,0.5307016372680664,0.5041934847831726,0.9777442812919617
120,2,Right Hip,0.5038120746612549,0.5043706893920898,0.9870280027389526
120,2,Left Knee,0.5349199771881104,0.5347657799720764,0.9528154134750366
120,2,Right Knee,0.5036948323249817,0.5346938371658325,0.9702779650688171
120,2,Left Ankle,0.5352621078491211,0.5626737475395203,0.9260108470916748
120,2,Right Ankle,0.4999978840351105,0.5626455545425415,0.9469106793403625
140,0,Nose,0.2958334684371948,0.4479086995124817,0.9821237921714783
140,0,Left Eye,0.3049463927745819,0.44355836510658264,0.9439828991889954
140,0,Right Eye,0.2866533398628235,0.4425901472568512,0.9734207391738892
140,0,Left Ear,0.3146466612815857,0.4486848711967468,0.6413708925247192
140,0,Right Ear,0.2695080637931824,0.446047842502594,0.8878333568572998
140,0,Left Shoulder,0.31651976704597473,0.48020920157432556,0.9952078461647034
140,0,Right Shoulder,0.24516768753528595,0.47827672958374023,0.9983422756195068
140,0,Left Elbow,0.33816981315612793,0.5146926641464233,0.9640100002288818
140,0,Right Elbow,0.21158751845359802,0.5162825584411621,0.9903548955917358
140,0,Left Wrist,0.3519253134727478,0.5439774990081787,0.949176549911499
140,0,Right Wrist,0.207254096865654,0.558678925037384,0.9788311123847961
140,0,Left Hip,0.2901444435119629,0.5520040392875671,0.9951085448265076
140,0,Right Hip,0.24724170565605164,0.5520631670951843,0.9971633553504944
140,0,Left Knee,0.3041421175003052,0.6025180220603943,0.9754480123519897
140,0,Right Knee,0.2961053252220154,0.6029288172721863,0.9842748045921326
140,0,Left Ankle,0.2749093472957611,0.6461425423622131,0.9064274430274963
140,0,Right Ankle,0.2886134684085846,0.6467441320419312,0.9314784407615662
140,1,Nose,0.07373521476984024,0.4606350362300873,0.9370490908622742
140,1,Left Eye,0.07904266566038132,0.4573819637298584,0.8936437368392944
140,1,Right Eye,0.06872420012950897,0.4576912820339203,0.866301953792572
140,1,Left Ear,0.08952592313289642,0.45865124464035034,0.7388966083526611
140,1,Right Ear,0.06302625685930252,0.4594210684299469,0.6207320094108582
140,1,Left Shoulder,0.10520453006029129,0.4769055247306824,0.991654634475708
140,1,Right Shoulder,0.05347851663827896,0.4774273931980133,0.9932093024253845
140,1,Left Elbow,0.12247765809297562,0.4996565878391266,0.953669011592865
140,1,Right Elbow,0.03729192540049553,0.4985068440437317,0.9557518362998962
140,1,Left Wrist,0.11917580664157867,0.5213295221328735,0.9229468107223511
140,1,Right Wrist,0.047475434839725494,0.5191903114318848,0.9226917624473572
140,1,Left Hip,0.09786171466112137,0.521630048751831,0.9911274313926697
140,1,Right Hip,0.06447892636060715,0.5217328071594238,0.9923110008239746
140,1,Left Knee,0.0991542711853981,0.5540247559547424,0.9720070958137512
140,1,Right Knee,0.05863751471042633,0.5537816882133484,0.9724252820014954
140,1,Left Ankle,0.09476903080940247,0.5835939049720764,0.9278877377510071
140,1,Right Ankle,0.057853858917951584,0.5830804109573364,0.9278517961502075
140,2,Nose,0.3768893778324127,0.43916159868240356,0.8996434211730957
140,2,Left Eye,0.38289692997932434,0.43611374497413635,0.8964828848838806
140,2,Right Eye,0.37262314558029175,0.43576088547706604,0.7421618103981018
140,2,Left Ear,0.3929167091846466,0.43887439370155334,0.807396650314331
140,2,Right Ear,0.0,0.0,0.33956432342529297
140,2,Left Shoulder,0.40223270654678345,0.4581100344657898,0.9851122498512268
140,2,Right Shoulder,0.35468682646751404,0.45918208360671997,0.9519815444946289
140,2,Left Elbow,0.41467657685279846,0.48183614015579224,0.9593432545661926
140,2,Right Elbow,0.35477474331855774,0.4843927323818207,0.7066376209259033
140,2,Left Wrist,0.4038439393043518,0.5040801763534546,0.9288302659988403
140,2,Right Wrist,0.36253148317337036,0.5047696232795715,0.6857976913452148
140,2,Left Hip,0.39342790842056274,0.5016257762908936,0.9790036082267761
140,2,Right Hip,0.3620436489582062,0.5025573372840881,0.9584513902664185
140,2,Left Knee,0.4014075696468353,0.5350223779678345,0.9584835767745972
140,2,Right Knee,0.37005293369293213,0.5361021757125854,0.9091978669166565
140,2,Left Ankle,0.4093533754348755,0.5645528435707092,0.9228590726852417
140,2,Right Ankle,0.37912365794181824,0.5653527975082397,0.8644132018089294
160,0,Nose,0.2640819847583771,0.42000144720077515,0.9691761136054993
160,0,Left Eye,0.2696281969547272,0.41512736678123474,0.8096706867218018
160,0,Right Eye,0.254102498292923,0.4131070077419281,0.9646228551864624
160,0,Left Ear,0.0,0.0,0.38054484128952026
160,0,Right Ear,0.22418926656246185,0.4116637110710144,0.9300413131713867
160,0,Left Shoulder,0.2583066523075104,0.4449070394039154,0.9828700423240662
160,0,Right Shoulder,0.1835288554430008,0.44118016958236694,0.9968245029449463
160,0,Left Elbow,0.2683334946632385,0.4903402328491211,0.8965173363685608
160,0,Right Elbow,0.14356006681919098,0.49230313301086426,0.9895762205123901
160,0,Left Wrist,0.2900579273700714,0.5226061940193176,0.846384584903717
160,0,Right Wrist,0.1623675674200058,0.5378375053405762,0.9733673334121704
160,0,Left Hip,0.220390185713768,0.5184335708618164,0.9890217781066895
160,0,Right Hip,0.17033939063549042,0.5191456079483032,0.9951903820037842
160,0,Left Knee,0.2896340489387512,0.5539306402206421,0.965650737285614
160,0,Right Knee,0.229060560464859,0.5562902688980103,0.9860301613807678
160,0,Left Ankle,0.23137718439102173,0.5951443910598755,0.9038511514663696
160,0,Right Ankle,0.17920057475566864,0.6019407510757446,0.9436920881271362
160,1,Nose,0.04588691517710686,0.452036052942276,0.9244967699050903
160,1,Left Eye,0.05177289620041847,0.4488236904144287,0.9044687151908875
160,1,Right Eye,0.041076160967350006,0.44909876585006714,0.8137984275817871
160,1,Left Ear,0.06272650510072708,0.4511818289756775,0.7906075119972229
160,1,Right Ear,0.0,0.0,0.45556414127349854
160,1,Left Shoulder,0.07423572242259979,0.46961626410484314,0.9886927604675293
160,1,Right Shoulder,0.02855384163558483,0.4715026319026947,0.9805195927619934
160,1,Left Elbow,0.08199483901262283,0.49247345328330994,0.9579721689224243
160,1,Right Elbow,0.016635969281196594,0.4933575689792633,0.8751052021980286
160,1,Left Wrist,0.06881479918956757,0.5109941363334656,0.9277265071868896
160,1,Right Wrist,0.018795765936374664,0.509223461151123,0.8362827301025391
160,1,Left Hip,0.06980971992015839,0.514529287815094,0.9865179657936096
160,1,Right Hip,0.03894912824034691,0.5155952572822571,0.9816215634346008
160,1,Left Knee,0.08263856917619705,0.5473264455795288,0.9670624136924744
160,1,Right Knee,0.044235315173864365,0.5481851100921631,0.9499152898788452
160,1,Left Ankle,0.09034036844968796,0.5768422484397888,0.929714560508728
160,1,Right Ankle,0.04786458611488342,0.5771437883377075,0.9042186141014099
160,2,Nose,0.0,0.0,0.047146935015916824
160,2,Left Eye,0.0,0.0,0.03781949728727341
160,2,Right Eye,0.0,0.0,0.026952415704727173
160,2,Left Ear,0.0,0.0,0.12119276076555252
160,2,Right Ear,0.0,0.0,0.06774085760116577
160,2,Left Shoulder,0.0,0.0,0.3655087351799011
160,2,Right Shoulder,0.0,0.0,0.2868373394012451
160,2,Left Elbow,0.0,0.0,0.37949085235595703
160,2,Right Elbow,0.0,0.0,0.2449176013469696
160,2,Left Wrist,0.0,0.0,0.3151552081108093
160,2,Right Wrist,0.0,0.0,0.21522553265094757
160,2,Left Hip,0.9708464741706848,0.5074506402015686,0.6338997483253479
160,2,Right Hip,0.9798331260681152,0.5080275535583496,0.5824190378189087
160,2,Left Knee,0.9774390459060669,0.5589877367019653,0.5970772504806519
160,2,Right Knee,0.9762288331985474,0.5594717264175415,0.5312764048576355
160,2,Left Ankle,0.0,0.0,0.48139405250549316
160,2,Right Ankle,0.0,0.0,0.43542584776878357
180,0,Nose,0.2954830229282379,0.4930216670036316,0.9199027419090271
180,0,Left Eye,0.30234628915786743,0.4896092414855957,0.5577088594436646
180,0,Right Eye,0.2879963219165802,0.48538607358932495,0.8878895044326782
180,0,Left Ear,0.0,0.0,0.19154587388038635
180,0,Right Ear,0.25511330366134644,0.4861963391304016,0.8419455289840698
180,0,Left Shoulder,0.27716732025146484,0.5279892683029175,0.973874032497406
180,0,Right Shoulder,0.19164864718914032,0.5153157711029053,0.9931817650794983
180,0,Left Elbow,0.30826908349990845,0.5221932530403137,0.9261390566825867
180,0,Right Elbow,0.15064270794391632,0.5129427909851074,0.9876714944839478
180,0,Left Wrist,0.34071680903434753,0.478755384683609,0.9102659821510315
180,0,Right Wrist,0.2127770334482193,0.4873191714286804,0.9783962368965149
180,0,Left Hip,0.22506673634052277,0.6318997144699097,0.9939907789230347
180,0,Right Hip,0.16968141496181488,0.629422664642334,0.9967278242111206
180,0,Left Knee,0.28027182817459106,0.6978427767753601,0.9869726300239563
180,0,Right Knee,0.23503871262073517,0.6971584558486938,0.9935624599456787
180,0,Left Ankle,0.22372597455978394,0.772801399230957,0.9480990767478943
180,0,Right Ankle,0.2003476917743683,0.7778139710426331,0.9658605456352234
200,0,Nose,0.0,0.0,0.23595483601093292
200,0,Left Eye,0.0,0.0,0.20770840346813202
200,0,Right Eye,0.0,0.0,0.041946329176425934
200,0,Left Ear,0.0,0.0,0.43543940782546997
200,0,Right Ear,0.0,0.0,0.0327904187142849
200,0,Left Shoulder,0.24010396003723145,0.4742887020111084,0.9171397686004639
200,0,Right Shoulder,0.22132644057273865,0.4678266942501068,0.8161123394966125
200,0,Left Elbow,0.26313021779060364,0.5521557927131653,0.9236289858818054
200,0,Right Elbow,0.12619952857494354,0.5199822783470154,0.7896005511283875
200,0,Left Wrist,0.16327299177646637,0.48250311613082886,0.9126473069190979
200,0,Right Wrist,0.1246127262711525,0.45462068915367126,0.817226231098175
200,0,Left Hip,0.3168078064918518,0.5543652772903442,0.946871817111969
200,0,Right Hip,0.29754638671875,0.5509313344955444,0.929648220539093
200,0,Left Knee,0.19236183166503906,0.5383350253105164,0.8227196931838989
200,0,Right Knee,0.21558977663516998,0.5561740398406982,0.7671436071395874
200,0,Left Ankle,0.14463764429092407,0.46690672636032104,0.6339327692985535
200,0,Right Ankle,0.1707802265882492,0.48684126138687134,0.5760097503662109
220,0,Nose,0.3561990559101105,0.5273550152778625,0.9431272149085999
220,0,Left Eye,0.35938504338264465,0.5205378532409668,0.5993680357933044
220,0,Right Eye,0.34604325890541077,0.5188706517219543,0.945403516292572
220,0,Left Ear,0.0,0.0,0.2090226411819458
220,0,Right Ear,0.30095842480659485,0.518650472164154,0.9335002899169922
220,0,Left Shoulder,0.31319087743759155,0.5572589635848999,0.9732192754745483
220,0,Right Shoulder,0.25916460156440735,0.5627142190933228,0.993604838848114
220,0,Left Elbow,0.3521599769592285,0.6103872060775757,0.8413886427879333
220,0,Right Elbow,0.2992628216743469,0.6313316226005554,0.9804036617279053
220,0,Left Wrist,0.39954710006713867,0.6503060460090637,0.8090981841087341
220,0,Right Wrist,0.3895944058895111,0.6767915487289429,0.9632325172424316
220,0,Left Hip,0.31766587495803833,0.6618465781211853,0.9833795428276062
220,0,Right Hip,0.27957436442375183,0.671405553817749,0.9919838309288025
220,0,Left Knee,0.4684845507144928,0.681977391242981,0.9755173325538635
220,0,Right Knee,0.42873796820640564,0.6922362446784973,0.989782452583313
220,0,Left Ankle,0.467377632856369,0.7793601751327515,0.9441491961479187
220,0,Right Ankle,0.4556795656681061,0.7960080504417419,0.9672620296478271
240,0,Nose,0.5797089338302612,0.6525988578796387,0.7752883434295654
240,0,Left Eye,0.0,0.0,0.21911334991455078
240,0,Right Eye,0.5778821110725403,0.6434293985366821,0.84446120262146
240,0,Left Ear,0.0,0.0,0.11209634691476822
240,0,Right Ear,0.55403733253479,0.6247280240058899,0.9059350490570068
240,0,Left Shoulder,0.4864062964916229,0.6360509991645813,0.9033363461494446
240,0,Right Shoulder,0.4725581407546997,0.6324091553688049,0.9932308197021484
240,0,Left Elbow,0.3950486183166504,0.6933932304382324,0.7097957730293274
240,0,Right Elbow,0.37085288763046265,0.6928433179855347,0.9904770851135254
240,0,Left Wrist,0.40919622778892517,0.7407073974609375,0.713376522064209
240,0,Right Wrist,0.3802711069583893,0.7599291801452637,0.9752336740493774
240,0,Left Hip,0.33031633496284485,0.720172107219696,0.9869394302368164
240,0,Right Hip,0.31779763102531433,0.7189202904701233,0.9962475895881653
240,0,Left Knee,0.48330825567245483,0.7740696668624878,0.9769163727760315
240,0,Right Knee,0.43952620029449463,0.77857506275177,0.9941096305847168
240,0,Left Ankle,0.36032527685165405,0.8166718482971191,0.9525495767593384
240,0,Right Ankle,0.2898722290992737,0.8402758836746216,0.978642463684082
260,0,Nose,0.6580331921577454,0.5616338849067688,0.7989187836647034
260,0,Left Eye,0.0,0.0,0.2179010957479477
260,0,Right Eye,0.6551409959793091,0.5512407422065735,0.8197422623634338
260,0,Left Ear,0.0,0.0,0.20322780311107635
260,0,Right Ear,0.6324867010116577,0.5318912863731384,0.9436864256858826
260,0,Left Shoulder,0.5239356756210327,0.538773775100708,0.9807941913604736
260,0,Right Shoulder,0.5849429965019226,0.5433505773544312,0.995905876159668
260,0,Left Elbow,0.4639279246330261,0.6070679426193237,0.9093886017799377
260,0,Right Elbow,0.5713140368461609,0.6182996034622192,0.9906681180000305
260,0,Left Wrist,0.5333518385887146,0.6494401693344116,0.8298706412315369
260,0,Right Wrist,0.5897886753082275,0.6526930928230286,0.9619943499565125
260,0,Left Hip,0.3721550405025482,0.6495553851127625,0.9977948665618896
260,0,Right Hip,0.39587390422821045,0.6452263593673706,0.9988710284233093
260,0,Left Knee,0.498262494802475,0.7449789047241211,0.9940304160118103
260,0,Right Knee,0.4085772931575775,0.7289517521858215,0.9971441626548767
260,0,Left Ankle,0.4480104148387909,0.8045188784599304,0.977875828742981
260,0,Right Ankle,0.23691923916339874,0.7828149199485779,0.9850605130195618
280,0,Nose,0.6720296740531921,0.4477910101413727,0.72017902135849
280,0,Left Eye,0.0,0.0,0.09856154024600983
280,0,Right Eye,0.6728993654251099,0.4364185929298401,0.8400947451591492
280,0,Left Ear,0.0,0.0,0.05601499602198601
280,0,Right Ear,0.6308605670928955,0.41839805245399475,0.9480577111244202
280,0,Left Shoulder,0.5492722988128662,0.46093854308128357,0.8864120841026306
280,0,Right Shoulder,0.5457751154899597,0.4568020701408386,0.9975178241729736
280,0,Left Elbow,0.5132309198379517,0.5406975746154785,0.5954490900039673
280,0,Right Elbow,0.48546159267425537,0.5307766795158386,0.9963915944099426
280,0,Left Wrist,0.5832718014717102,0.5951103568077087,0.6526974439620972
280,0,Right Wrist,0.5957764387130737,0.5944653749465942,0.9878371357917786
280,0,Left Hip,0.48281967639923096,0.6156777739524841,0.994282603263855
280,0,Right Hip,0.4921362102031708,0.6217312812805176,0.9990109205245972
280,0,Left Knee,0.5394238829612732,0.711318850517273,0.9941580295562744
280,0,Right Knee,0.6288895606994629,0.7446572184562683,0.9990836381912231
280,0,Left Ankle,0.39005693793296814,0.7815995216369629,0.9833104610443115
280,0,Right Ankle,0.554844081401825,0.8515278697013855,0.9944274425506592
300,0,Nose,0.6322066187858582,0.34345173835754395,0.963053286075592
300,0,Left Eye,0.639546811580658,0.33315330743789673,0.6030956506729126
300,0,Right Eye,0.6162164211273193,0.3315662443637848,0.9801412224769592
300,0,Left Ear,0.0,0.0,0.14379076659679413
300,0,Right Ear,0.5572180151939392,0.33413657546043396,0.9756659269332886
300,0,Left Shoulder,0.566594660282135,0.40118876099586487,0.9482694864273071
300,0,Right Shoulder,0.5075089931488037,0.3979105055332184,0.9980877041816711
300,0,Left Elbow,0.5172946453094482,0.4935832917690277,0.6657397150993347
300,0,Right Elbow,0.46119990944862366,0.48049992322921753,0.9944426417350769
300,0,Left Wrist,0.5765551328659058,0.5589748620986938,0.6412447094917297
300,0,Right Wrist,0.5436193943023682,0.5603369474411011,0.981670618057251
300,0,Left Hip,0.5706620812416077,0.5757330060005188,0.9970235228538513
300,0,Right Hip,0.5171437859535217,0.5795696973800659,0.9993902444839478
300,0,Left Knee,0.6512407064437866,0.7014372944831848,0.9953498840332031
300,0,Right Knee,0.5173510909080505,0.7171761989593506,0.9990602135658264
300,0,Left Ankle,0.6118041276931763,0.7925758361816406,0.9846138954162598
300,0,Right Ankle,0.4010579288005829,0.8226320147514343,0.9940932393074036
320,0,Nose,0.5521600246429443,0.24991393089294434,0.9917815327644348
320,0,Left Eye,0.5709139108657837,0.24045395851135254,0.9398570656776428
320,0,Right Eye,0.5253198742866516,0.24006736278533936,0.9818877577781677
320,0,Left Ear,0.5903148055076599,0.2534119486808777,0.6163889169692993
320,0,Right Ear,0.48298904299736023,0.25337398052215576,0.9372072219848633
320,0,Left Shoulder,0.5981068015098572,0.3431057631969452,0.9959272742271423
320,0,Right Shoulder,0.4384538531303406,0.33749648928642273,0.999320387840271
320,0,Left Elbow,0.6438232660293579,0.42924079298973083,0.9635103344917297
320,0,Right Elbow,0.3350081443786621,0.42919740080833435,0.99538654088974
320,0,Left Wrist,0.7362231016159058,0.4849914610385895,0.9456815719604492
320,0,Right Wrist,0.3015577495098114,0.5173092484474182,0.9893242716789246
320,0,Left Hip,0.5601961612701416,0.524954080581665,0.9986405968666077
320,0,Right Hip,0.4839380979537964,0.5260919332504272,0.9993770718574524
320,0,Left Knee,0.5137878656387329,0.6463574767112732,0.9965247511863708
320,0,Right Knee,0.5878975987434387,0.654060959815979,0.9985598921775818
320,0,Left Ankle,0.41907504200935364,0.746955156326294,0.9721931219100952
320,0,Right Ankle,0.599816083908081,0.7640106081962585,0.9842877388000488
